keyword,link,crawling
셔츠,/app/product/detail/533067/0,yes
셔츠,/app/product/detail/492930/0,yes
셔츠,/app/product/detail/728000/0,yes
셔츠,/app/product/detail/826451/0,yes
셔츠,/app/product/detail/620634/0,yes
셔츠,/app/product/detail/859956/0,yes
셔츠,/app/product/detail/533011/0,yes
셔츠,/app/product/detail/409641/0,yes
셔츠,/app/product/detail/483796/0,yes
셔츠,/app/product/detail/713749/0,yes
셔츠,/app/product/detail/609474/0,yes
셔츠,/app/product/detail/620643/0,yes
셔츠,/app/product/detail/623548/0,yes
셔츠,/app/product/detail/592829/0,yes
셔츠,/app/product/detail/115326/0,yes
셔츠,/app/product/detail/620638/0,yes
셔츠,/app/product/detail/58538/0,yes
셔츠,/app/product/detail/601681/0,yes
셔츠,/app/product/detail/707695/0,yes
셔츠,/app/product/detail/472249/0,yes
셔츠,/app/product/detail/627490/0,yes
셔츠,/app/product/detail/713074/0,yes
셔츠,/app/product/detail/580286/0,yes
셔츠,/app/product/detail/606678/0,yes
셔츠,/app/product/detail/528642/0,yes
셔츠,/app/product/detail/854337/0,yes
셔츠,/app/product/detail/709014/0,yes
셔츠,/app/product/detail/400250/0,yes
셔츠,/app/product/detail/560855/0,yes
셔츠,/app/product/detail/703991/0,yes
셔츠,/app/product/detail/483798/0,yes
셔츠,/app/product/detail/853189/0,yes
셔츠,/app/product/detail/620642/0,yes
셔츠,/app/product/detail/622079/0,yes
셔츠,/app/product/detail/714459/0,yes
셔츠,/app/product/detail/620639/0,yes
셔츠,/app/product/detail/728002/0,yes
셔츠,/app/product/detail/713073/0,yes
셔츠,/app/product/detail/472240/0,yes
셔츠,/app/product/detail/627721/0,yes
셔츠,/app/product/detail/859949/0,yes
셔츠,/app/product/detail/400249/0,yes
셔츠,/app/product/detail/713337/0,yes
셔츠,/app/product/detail/761305/0,yes
셔츠,/app/product/detail/483795/0,yes
셔츠,/app/product/detail/826449/0,yes
셔츠,/app/product/detail/875126/0,yes
셔츠,/app/product/detail/115327/0,yes
셔츠,/app/product/detail/876304/0,yes
셔츠,/app/product/detail/630932/0,yes
셔츠,/app/product/detail/364871/0,yes
셔츠,/app/product/detail/493516/0,yes
셔츠,/app/product/detail/843521/0,yes
셔츠,/app/product/detail/947067/0,yes
셔츠,/app/product/detail/876311/0,yes
셔츠,/app/product/detail/472241/0,yes
셔츠,/app/product/detail/711147/0,yes
셔츠,/app/product/detail/728001/0,yes
셔츠,/app/product/detail/876306/0,yes
셔츠,/app/product/detail/876307/0,yes
셔츠,/app/product/detail/631270/0,yes
셔츠,/app/product/detail/630923/0,yes
셔츠,/app/product/detail/706961/0,yes
셔츠,/app/product/detail/414772/0,yes
셔츠,/app/product/detail/621577/0,yes
셔츠,/app/product/detail/364872/0,yes
셔츠,/app/product/detail/502173/0,yes
셔츠,/app/product/detail/476242/0,yes
셔츠,/app/product/detail/606364/0,yes
셔츠,/app/product/detail/837353/0,yes
셔츠,/app/product/detail/644687/0,yes
셔츠,/app/product/detail/703994/0,yes
셔츠,/app/product/detail/548482/0,yes
셔츠,/app/product/detail/606679/0,yes
셔츠,/app/product/detail/621999/0,yes
셔츠,/app/product/detail/634273/0,yes
셔츠,/app/product/detail/627525/0,yes
셔츠,/app/product/detail/843520/0,yes
셔츠,/app/product/detail/759362/0,yes
셔츠,/app/product/detail/620635/0,yes
셔츠,/app/product/detail/665373/0,yes
셔츠,/app/product/detail/813191/0,yes
셔츠,/app/product/detail/400742/0,yes
셔츠,/app/product/detail/558101/0,yes
셔츠,/app/product/detail/725598/0,yes
셔츠,/app/product/detail/703543/0,yes
셔츠,/app/product/detail/502191/0,yes
셔츠,/app/product/detail/582680/0,yes
셔츠,/app/product/detail/643192/0,yes
셔츠,/app/product/detail/528272/0,yes
셔츠,/app/product/detail/620640/0,yes
셔츠,/app/product/detail/701856/0,yes
셔츠,/app/product/detail/620636/0,yes
셔츠,/app/product/detail/483797/0,yes
셔츠,/app/product/detail/892744/0,yes
셔츠,/app/product/detail/728357/0,yes
셔츠,/app/product/detail/502010/0,yes
셔츠,/app/product/detail/356492/0,yes
셔츠,/app/product/detail/573061/0,yes
셔츠,/app/product/detail/488908/0,yes
셔츠,/app/product/detail/621994/0,yes
셔츠,/app/product/detail/713467/0,yes
셔츠,/app/product/detail/747525/0,yes
셔츠,/app/product/detail/655226/0,yes
셔츠,/app/product/detail/711139/0,yes
셔츠,/app/product/detail/627496/0,yes
셔츠,/app/product/detail/647856/0,yes
셔츠,/app/product/detail/208012/0,yes
셔츠,/app/product/detail/559202/0,yes
셔츠,/app/product/detail/839626/0,yes
셔츠,/app/product/detail/947068/0,yes
셔츠,/app/product/detail/645911/0,yes
셔츠,/app/product/detail/609466/0,yes
셔츠,/app/product/detail/191909/0,yes
셔츠,/app/product/detail/795228/0,yes
셔츠,/app/product/detail/824675/0,yes
셔츠,/app/product/detail/876309/0,yes
셔츠,/app/product/detail/742813/0,yes
셔츠,/app/product/detail/854390/0,no
셔츠,/app/product/detail/755469/0,no
셔츠,/app/product/detail/575672/0,no
셔츠,/app/product/detail/701876/0,no
셔츠,/app/product/detail/559201/0,no
셔츠,/app/product/detail/725599/0,no
셔츠,/app/product/detail/833706/0,no
셔츠,/app/product/detail/728773/0,no
셔츠,/app/product/detail/565940/0,no
셔츠,/app/product/detail/876316/0,no
셔츠,/app/product/detail/400251/0,no
셔츠,/app/product/detail/421453/0,no
셔츠,/app/product/detail/409730/0,no
셔츠,/app/product/detail/876314/0,no
셔츠,/app/product/detail/627506/0,no
셔츠,/app/product/detail/578539/0,no
셔츠,/app/product/detail/826450/0,no
셔츠,/app/product/detail/497449/0,no
셔츠,/app/product/detail/892750/0,no
셔츠,/app/product/detail/728003/0,no
셔츠,/app/product/detail/876315/0,no
셔츠,/app/product/detail/876308/0,no
셔츠,/app/product/detail/876310/0,no
셔츠,/app/product/detail/769601/0,no
셔츠,/app/product/detail/843515/0,no
셔츠,/app/product/detail/698292/0,no
셔츠,/app/product/detail/743555/0,no
셔츠,/app/product/detail/686913/0,no
셔츠,/app/product/detail/733843/0,no
셔츠,/app/product/detail/854391/0,no
셔츠,/app/product/detail/644686/0,no
셔츠,/app/product/detail/859189/0,no
셔츠,/app/product/detail/608684/0,no
셔츠,/app/product/detail/665370/0,no
셔츠,/app/product/detail/644987/0,no
셔츠,/app/product/detail/876312/0,no
셔츠,/app/product/detail/476247/0,no
셔츠,/app/product/detail/876305/0,no
셔츠,/app/product/detail/854396/0,no
셔츠,/app/product/detail/703992/0,no
셔츠,/app/product/detail/578540/0,no
셔츠,/app/product/detail/843524/0,no
셔츠,/app/product/detail/727833/0,no
셔츠,/app/product/detail/559133/0,no
셔츠,/app/product/detail/631269/0,no
셔츠,/app/product/detail/409763/0,no
셔츠,/app/product/detail/498261/0,no
셔츠,/app/product/detail/873628/0,no
셔츠,/app/product/detail/813190/0,no
셔츠,/app/product/detail/771173/0,no
셔츠,/app/product/detail/873627/0,no
셔츠,/app/product/detail/620641/0,no
셔츠,/app/product/detail/565936/0,no
셔츠,/app/product/detail/947078/0,no
셔츠,/app/product/detail/559204/0,no
셔츠,/app/product/detail/421454/0,no
셔츠,/app/product/detail/813192/0,no
셔츠,/app/product/detail/713391/0,no
셔츠,/app/product/detail/577536/0,no
셔츠,/app/product/detail/703995/0,no
셔츠,/app/product/detail/609465/0,no
셔츠,/app/product/detail/853188/0,no
셔츠,/app/product/detail/761304/0,no
셔츠,/app/product/detail/845380/0,no
셔츠,/app/product/detail/643193/0,no
셔츠,/app/product/detail/822439/0,no
셔츠,/app/product/detail/709013/0,no
셔츠,/app/product/detail/621995/0,no
셔츠,/app/product/detail/503483/0,no
셔츠,/app/product/detail/493515/0,no
셔츠,/app/product/detail/706965/0,no
셔츠,/app/product/detail/617630/0,no
셔츠,/app/product/detail/303620/0,no
셔츠,/app/product/detail/799932/0,no
셔츠,/app/product/detail/725648/0,no
셔츠,/app/product/detail/698293/0,no
셔츠,/app/product/detail/629680/0,no
셔츠,/app/product/detail/608685/0,no
셔츠,/app/product/detail/533111/0,no
셔츠,/app/product/detail/774388/0,no
셔츠,/app/product/detail/609605/0,no
셔츠,/app/product/detail/868569/0,no
셔츠,/app/product/detail/856090/0,no
셔츠,/app/product/detail/703993/0,no
셔츠,/app/product/detail/719663/0,no
셔츠,/app/product/detail/559206/0,no
셔츠,/app/product/detail/559012/0,no
셔츠,/app/product/detail/769614/0,no
셔츠,/app/product/detail/719662/0,no
셔츠,/app/product/detail/574286/0,no
셔츠,/app/product/detail/798811/0,no
셔츠,/app/product/detail/837921/0,no
셔츠,/app/product/detail/722520/0,no
셔츠,/app/product/detail/577526/0,no
셔츠,/app/product/detail/409707/0,no
셔츠,/app/product/detail/777622/0,no
셔츠,/app/product/detail/721423/0,no
셔츠,/app/product/detail/563681/0,no
셔츠,/app/product/detail/835054/0,no
셔츠,/app/product/detail/620637/0,no
셔츠,/app/product/detail/824676/0,no
셔츠,/app/product/detail/442864/0,no
셔츠,/app/product/detail/892745/0,no
셔츠,/app/product/detail/721416/0,no
셔츠,/app/product/detail/947073/0,no
셔츠,/app/product/detail/947070/0,no
셔츠,/app/product/detail/559132/0,no
셔츠,/app/product/detail/771175/0,no
셔츠,/app/product/detail/769613/0,no
셔츠,/app/product/detail/712943/0,no
셔츠,/app/product/detail/711533/0,no
셔츠,/app/product/detail/640603/0,no
셔츠,/app/product/detail/848686/0,no
셔츠,/app/product/detail/781801/0,no
셔츠,/app/product/detail/342748/0,no
셔츠,/app/product/detail/843544/0,no
셔츠,/app/product/detail/827978/0,no
셔츠,/app/product/detail/792644/0,no
셔츠,/app/product/detail/727834/0,no
셔츠,/app/product/detail/703640/0,no
셔츠,/app/product/detail/577594/0,no
셔츠,/app/product/detail/279104/0,no
셔츠,/app/product/detail/774659/0,no
셔츠,/app/product/detail/774620/0,no
셔츠,/app/product/detail/872096/0,no
셔츠,/app/product/detail/872095/0,no
셔츠,/app/product/detail/645865/0,no
셔츠,/app/product/detail/645864/0,no
셔츠,/app/product/detail/645863/0,no
셔츠,/app/product/detail/974134/0,no
셔츠,/app/product/detail/974131/0,no
셔츠,/app/product/detail/973884/0,no
셔츠,/app/product/detail/973883/0,no
셔츠,/app/product/detail/973882/0,no
셔츠,/app/product/detail/973879/0,no
셔츠,/app/product/detail/973877/0,no
셔츠,/app/product/detail/973875/0,no
셔츠,/app/product/detail/959993/0,no
셔츠,/app/product/detail/959992/0,no
셔츠,/app/product/detail/959991/0,no
셔츠,/app/product/detail/959990/0,no
셔츠,/app/product/detail/959989/0,no
셔츠,/app/product/detail/955627/0,no
셔츠,/app/product/detail/955626/0,no
셔츠,/app/product/detail/955625/0,no
셔츠,/app/product/detail/955620/0,no
셔츠,/app/product/detail/955619/0,no
셔츠,/app/product/detail/955617/0,no
셔츠,/app/product/detail/943562/0,no
셔츠,/app/product/detail/943558/0,no
셔츠,/app/product/detail/943547/0,no
셔츠,/app/product/detail/943544/0,no
셔츠,/app/product/detail/943541/0,no
셔츠,/app/product/detail/943538/0,no
셔츠,/app/product/detail/943535/0,no
셔츠,/app/product/detail/943516/0,no
셔츠,/app/product/detail/943514/0,no
셔츠,/app/product/detail/940500/0,no
셔츠,/app/product/detail/940499/0,no
셔츠,/app/product/detail/940498/0,no
셔츠,/app/product/detail/940497/0,no
셔츠,/app/product/detail/940496/0,no
셔츠,/app/product/detail/940495/0,no
셔츠,/app/product/detail/940494/0,no
셔츠,/app/product/detail/940493/0,no
셔츠,/app/product/detail/940488/0,no
셔츠,/app/product/detail/940486/0,no
셔츠,/app/product/detail/940485/0,no
셔츠,/app/product/detail/940484/0,no
셔츠,/app/product/detail/940483/0,no
셔츠,/app/product/detail/940482/0,no
셔츠,/app/product/detail/828502/0,no
셔츠,/app/product/detail/828344/0,no
셔츠,/app/product/detail/816685/0,no
셔츠,/app/product/detail/785193/0,no
셔츠,/app/product/detail/784136/0,no
셔츠,/app/product/detail/784132/0,no
셔츠,/app/product/detail/783963/0,no
셔츠,/app/product/detail/783959/0,no
셔츠,/app/product/detail/783932/0,no
셔츠,/app/product/detail/779259/0,no
셔츠,/app/product/detail/777342/0,no
셔츠,/app/product/detail/777234/0,no
셔츠,/app/product/detail/561123/0,no
셔츠,/app/product/detail/561120/0,no
셔츠,/app/product/detail/549945/0,no
셔츠,/app/product/detail/543814/0,no
셔츠,/app/product/detail/543222/0,no
셔츠,/app/product/detail/20856/0,no
셔츠,/app/product/detail/100543/0,no
셔츠,/app/product/detail/100541/0,no
셔츠,/app/product/detail/100539/0,no
셔츠,/app/product/detail/1003550/0,no
셔츠,/app/product/detail/333278/0,no
셔츠,/app/product/detail/785032/0,no
셔츠,/app/product/detail/785031/0,no
셔츠,/app/product/detail/785030/0,no
셔츠,/app/product/detail/782446/0,no
셔츠,/app/product/detail/782445/0,no
셔츠,/app/product/detail/782443/0,no
셔츠,/app/product/detail/782442/0,no
셔츠,/app/product/detail/782441/0,no
셔츠,/app/product/detail/782440/0,no
셔츠,/app/product/detail/775161/0,no
셔츠,/app/product/detail/775160/0,no
셔츠,/app/product/detail/775159/0,no
셔츠,/app/product/detail/775158/0,no
셔츠,/app/product/detail/775157/0,no
셔츠,/app/product/detail/771472/0,no
셔츠,/app/product/detail/764951/0,no
셔츠,/app/product/detail/764950/0,no
셔츠,/app/product/detail/764947/0,no
셔츠,/app/product/detail/764946/0,no
셔츠,/app/product/detail/764944/0,no
셔츠,/app/product/detail/755514/0,no
셔츠,/app/product/detail/731445/0,no
셔츠,/app/product/detail/731442/0,no
셔츠,/app/product/detail/731441/0,no
셔츠,/app/product/detail/731439/0,no
셔츠,/app/product/detail/731438/0,no
셔츠,/app/product/detail/722185/0,no
셔츠,/app/product/detail/722184/0,no
셔츠,/app/product/detail/722173/0,no
셔츠,/app/product/detail/722171/0,no
셔츠,/app/product/detail/722169/0,no
셔츠,/app/product/detail/567296/0,no
셔츠,/app/product/detail/559008/0,no
셔츠,/app/product/detail/557083/0,no
셔츠,/app/product/detail/33963/0,no
셔츠,/app/product/detail/33962/0,no
셔츠,/app/product/detail/339520/0,no
셔츠,/app/product/detail/788752/0,no
셔츠,/app/product/detail/775045/0,no
셔츠,/app/product/detail/775044/0,no
셔츠,/app/product/detail/583681/0,no
셔츠,/app/product/detail/583676/0,no
셔츠,/app/product/detail/333220/0,no
셔츠,/app/product/detail/857434/0,no
셔츠,/app/product/detail/857422/0,no
셔츠,/app/product/detail/857421/0,no
셔츠,/app/product/detail/857105/0,no
셔츠,/app/product/detail/857068/0,no
셔츠,/app/product/detail/857066/0,no
셔츠,/app/product/detail/854425/0,no
셔츠,/app/product/detail/771831/0,no
셔츠,/app/product/detail/999198/0,no
셔츠,/app/product/detail/999192/0,no
셔츠,/app/product/detail/999185/0,no
셔츠,/app/product/detail/999180/0,no
셔츠,/app/product/detail/974135/0,no
셔츠,/app/product/detail/974132/0,no
셔츠,/app/product/detail/955615/0,no
셔츠,/app/product/detail/955613/0,no
셔츠,/app/product/detail/955612/0,no
셔츠,/app/product/detail/943527/0,no
셔츠,/app/product/detail/943524/0,no
셔츠,/app/product/detail/943520/0,no
셔츠,/app/product/detail/943518/0,no
셔츠,/app/product/detail/940492/0,no
셔츠,/app/product/detail/940491/0,no
셔츠,/app/product/detail/940490/0,no
셔츠,/app/product/detail/940489/0,no
셔츠,/app/product/detail/920117/0,no
셔츠,/app/product/detail/920115/0,no
셔츠,/app/product/detail/880078/0,no
셔츠,/app/product/detail/880073/0,no
셔츠,/app/product/detail/880037/0,no
셔츠,/app/product/detail/880036/0,no
셔츠,/app/product/detail/859479/0,no
셔츠,/app/product/detail/859478/0,no
셔츠,/app/product/detail/859477/0,no
셔츠,/app/product/detail/859476/0,no
셔츠,/app/product/detail/762307/0,no
셔츠,/app/product/detail/762306/0,no
셔츠,/app/product/detail/762299/0,no
셔츠,/app/product/detail/762297/0,no
셔츠,/app/product/detail/762292/0,no
셔츠,/app/product/detail/762290/0,no
셔츠,/app/product/detail/762288/0,no
셔츠,/app/product/detail/762286/0,no
셔츠,/app/product/detail/762279/0,no
셔츠,/app/product/detail/762278/0,no
셔츠,/app/product/detail/762277/0,no
셔츠,/app/product/detail/762276/0,no
셔츠,/app/product/detail/762275/0,no
셔츠,/app/product/detail/762274/0,no
셔츠,/app/product/detail/762273/0,no
셔츠,/app/product/detail/762272/0,no
셔츠,/app/product/detail/762271/0,no
셔츠,/app/product/detail/762269/0,no
셔츠,/app/product/detail/722182/0,no
셔츠,/app/product/detail/722180/0,no
셔츠,/app/product/detail/722178/0,no
셔츠,/app/product/detail/722175/0,no
셔츠,/app/product/detail/623091/0,no
셔츠,/app/product/detail/623090/0,no
셔츠,/app/product/detail/567818/0,no
셔츠,/app/product/detail/567809/0,no
셔츠,/app/product/detail/476886/0,no
셔츠,/app/product/detail/403603/0,no
셔츠,/app/product/detail/204477/0,no
셔츠,/app/product/detail/759704/0,no
셔츠,/app/product/detail/759703/0,no
셔츠,/app/product/detail/759701/0,no
셔츠,/app/product/detail/579889/0,no
셔츠,/app/product/detail/645862/0,no
셔츠,/app/product/detail/645861/0,no
셔츠,/app/product/detail/495020/0,no
셔츠,/app/product/detail/495014/0,no
셔츠,/app/product/detail/861097/0,no
셔츠,/app/product/detail/851245/0,no
셔츠,/app/product/detail/816697/0,no
셔츠,/app/product/detail/816696/0,no
셔츠,/app/product/detail/775737/0,no
셔츠,/app/product/detail/731211/0,no
셔츠,/app/product/detail/731207/0,no
셔츠,/app/product/detail/724968/0,no
셔츠,/app/product/detail/620097/0,no
셔츠,/app/product/detail/583670/0,no
셔츠,/app/product/detail/583668/0,no
셔츠,/app/product/detail/496805/0,no
셔츠,/app/product/detail/496803/0,no
셔츠,/app/product/detail/492014/0,no
셔츠,/app/product/detail/492013/0,no
셔츠,/app/product/detail/229755/0,no
셔츠,/app/product/detail/229737/0,no
셔츠,/app/product/detail/788794/0,no
셔츠,/app/product/detail/788793/0,no
셔츠,/app/product/detail/812065/0,no
셔츠,/app/product/detail/812064/0,no
셔츠,/app/product/detail/732909/0,no
셔츠,/app/product/detail/714303/0,no
셔츠,/app/product/detail/714301/0,no
셔츠,/app/product/detail/647053/0,no
셔츠,/app/product/detail/647052/0,no
셔츠,/app/product/detail/605359/0,no
셔츠,/app/product/detail/605358/0,no
셔츠,/app/product/detail/867159/0,no
셔츠,/app/product/detail/867158/0,no
셔츠,/app/product/detail/855870/0,no
셔츠,/app/product/detail/855866/0,no
셔츠,/app/product/detail/791006/0,no
셔츠,/app/product/detail/769434/0,no
셔츠,/app/product/detail/769433/0,no
셔츠,/app/product/detail/769432/0,no
셔츠,/app/product/detail/768697/0,no
셔츠,/app/product/detail/759683/0,no
셔츠,/app/product/detail/744668/0,no
셔츠,/app/product/detail/736253/0,no
셔츠,/app/product/detail/734887/0,no
셔츠,/app/product/detail/734886/0,no
셔츠,/app/product/detail/724321/0,no
셔츠,/app/product/detail/620100/0,no
셔츠,/app/product/detail/490567/0,no
셔츠,/app/product/detail/476891/0,no
셔츠,/app/product/detail/357774/0,no
셔츠,/app/product/detail/129807/0,no
셔츠,/app/product/detail/129806/0,no
셔츠,/app/product/detail/106553/0,no
셔츠,/app/product/detail/787828/0,no
가방,/app/product/detail/801127/0,yes
가방,/app/product/detail/683891/0,yes
가방,/app/product/detail/683896/0,yes
가방,/app/product/detail/884428/0,yes
가방,/app/product/detail/884426/0,yes
가방,/app/product/detail/467950/0,yes
가방,/app/product/detail/467948/0,no
가방,/app/product/detail/310234/0,no
가방,/app/product/detail/310232/0,no
가방,/app/product/detail/793256/0,no
가방,/app/product/detail/793255/0,no
가방,/app/product/detail/793254/0,no
가방,/app/product/detail/705855/0,no
가방,/app/product/detail/161854/0,no
가방,/app/product/detail/813761/0,no
가방,/app/product/detail/799817/0,no
가방,/app/product/detail/924895/0,no
가방,/app/product/detail/829203/0,no
가방,/app/product/detail/230843/0,no
가방,/app/product/detail/573943/0,no
가방,/app/product/detail/553989/0,no
가방,/app/product/detail/683956/0,no
가방,/app/product/detail/868996/0,no
가방,/app/product/detail/763457/0,no
가방,/app/product/detail/70867/0,no
가방,/app/product/detail/582869/0,no
가방,/app/product/detail/582867/0,no
가방,/app/product/detail/597701/0,no
가방,/app/product/detail/284613/0,no
가방,/app/product/detail/478137/0,no
가방,/app/product/detail/665881/0,no
가방,/app/product/detail/583880/0,no
가방,/app/product/detail/583878/0,no
가방,/app/product/detail/384162/0,no
가방,/app/product/detail/683932/0,no
가방,/app/product/detail/683930/0,no
가방,/app/product/detail/683929/0,no
가방,/app/product/detail/683928/0,no
가방,/app/product/detail/818121/0,no
가방,/app/product/detail/198770/0,no
가방,/app/product/detail/683953/0,no
가방,/app/product/detail/392742/0,no
가방,/app/product/detail/98088/0,no
가방,/app/product/detail/865744/0,no
가방,/app/product/detail/865743/0,no
가방,/app/product/detail/865742/0,no
가방,/app/product/detail/943292/0,no
가방,/app/product/detail/693570/0,no
가방,/app/product/detail/693564/0,no
가방,/app/product/detail/948014/0,no
가방,/app/product/detail/717342/0,no
가방,/app/product/detail/683879/0,no
가방,/app/product/detail/230844/0,no
가방,/app/product/detail/172825/0,no
가방,/app/product/detail/943305/0,no
가방,/app/product/detail/560850/0,no
가방,/app/product/detail/560849/0,no
가방,/app/product/detail/560848/0,no
가방,/app/product/detail/289984/0,no
가방,/app/product/detail/162478/0,no
가방,/app/product/detail/162477/0,no
가방,/app/product/detail/162476/0,no
가방,/app/product/detail/162475/0,no
가방,/app/product/detail/817464/0,no
가방,/app/product/detail/809743/0,no
가방,/app/product/detail/70870/0,no
가방,/app/product/detail/336237/0,no
가방,/app/product/detail/542045/0,no
가방,/app/product/detail/801937/0,no
가방,/app/product/detail/801936/0,no
가방,/app/product/detail/565010/0,no
가방,/app/product/detail/478041/0,no
가방,/app/product/detail/478039/0,no
가방,/app/product/detail/464348/0,no
가방,/app/product/detail/429154/0,no
가방,/app/product/detail/429150/0,no
가방,/app/product/detail/429148/0,no
가방,/app/product/detail/429145/0,no
가방,/app/product/detail/429121/0,no
가방,/app/product/detail/802902/0,no
가방,/app/product/detail/790591/0,no
가방,/app/product/detail/545891/0,no
가방,/app/product/detail/545887/0,no
가방,/app/product/detail/941262/0,no
가방,/app/product/detail/737208/0,no
가방,/app/product/detail/892652/0,no
가방,/app/product/detail/815877/0,no
가방,/app/product/detail/761182/0,no
가방,/app/product/detail/761181/0,no
가방,/app/product/detail/761180/0,no
가방,/app/product/detail/751041/0,no
가방,/app/product/detail/683933/0,no
가방,/app/product/detail/582822/0,no
가방,/app/product/detail/582819/0,no
가방,/app/product/detail/570246/0,no
가방,/app/product/detail/545864/0,no
가방,/app/product/detail/313014/0,no
가방,/app/product/detail/189967/0,no
가방,/app/product/detail/189966/0,no
가방,/app/product/detail/204265/0,no
가방,/app/product/detail/204263/0,no
가방,/app/product/detail/204262/0,no
가방,/app/product/detail/204260/0,no
가방,/app/product/detail/204258/0,no
가방,/app/product/detail/204256/0,no
가방,/app/product/detail/781182/0,no
가방,/app/product/detail/162481/0,no
가방,/app/product/detail/162480/0,no
가방,/app/product/detail/823658/0,no
가방,/app/product/detail/817463/0,no
가방,/app/product/detail/817460/0,no
가방,/app/product/detail/775782/0,no
가방,/app/product/detail/775781/0,no
가방,/app/product/detail/775780/0,no
가방,/app/product/detail/775779/0,no
가방,/app/product/detail/775778/0,no
가방,/app/product/detail/705420/0,no
가방,/app/product/detail/705419/0,no
가방,/app/product/detail/704932/0,no
가방,/app/product/detail/683936/0,no
가방,/app/product/detail/630437/0,no
가방,/app/product/detail/568859/0,no
가방,/app/product/detail/456112/0,no
가방,/app/product/detail/683914/0,no
가방,/app/product/detail/683912/0,no
가방,/app/product/detail/683911/0,no
가방,/app/product/detail/703352/0,no
가방,/app/product/detail/691259/0,no
가방,/app/product/detail/691218/0,no
가방,/app/product/detail/592140/0,no
가방,/app/product/detail/340216/0,no
가방,/app/product/detail/340215/0,no
가방,/app/product/detail/340214/0,no
가방,/app/product/detail/204398/0,no
가방,/app/product/detail/161419/0,no
가방,/app/product/detail/275526/0,no
가방,/app/product/detail/275524/0,no
가방,/app/product/detail/92188/0,no
가방,/app/product/detail/92186/0,no
가방,/app/product/detail/92184/0,no
가방,/app/product/detail/92183/0,no
가방,/app/product/detail/838384/0,no
가방,/app/product/detail/838383/0,no
가방,/app/product/detail/838382/0,no
가방,/app/product/detail/838381/0,no
가방,/app/product/detail/821268/0,no
가방,/app/product/detail/821267/0,no
가방,/app/product/detail/821266/0,no
가방,/app/product/detail/568756/0,no
가방,/app/product/detail/542037/0,no
가방,/app/product/detail/542036/0,no
가방,/app/product/detail/478094/0,no
가방,/app/product/detail/478093/0,no
가방,/app/product/detail/421196/0,no
가방,/app/product/detail/421185/0,no
가방,/app/product/detail/404402/0,no
가방,/app/product/detail/404361/0,no
가방,/app/product/detail/383897/0,no
가방,/app/product/detail/383890/0,no
가방,/app/product/detail/372610/0,no
가방,/app/product/detail/372578/0,no
가방,/app/product/detail/357853/0,no
가방,/app/product/detail/357849/0,no
가방,/app/product/detail/357472/0,no
가방,/app/product/detail/357470/0,no
가방,/app/product/detail/357468/0,no
가방,/app/product/detail/357395/0,no
가방,/app/product/detail/286484/0,no
가방,/app/product/detail/207713/0,no
가방,/app/product/detail/207712/0,no
가방,/app/product/detail/207711/0,no
가방,/app/product/detail/207710/0,no
가방,/app/product/detail/193377/0,no
가방,/app/product/detail/193376/0,no
가방,/app/product/detail/116738/0,no
가방,/app/product/detail/116737/0,no
가방,/app/product/detail/106670/0,no
가방,/app/product/detail/820474/0,no
가방,/app/product/detail/971495/0,no
가방,/app/product/detail/970940/0,no
가방,/app/product/detail/965936/0,no
가방,/app/product/detail/965457/0,no
가방,/app/product/detail/960873/0,no
가방,/app/product/detail/960717/0,no
가방,/app/product/detail/958191/0,no
가방,/app/product/detail/954511/0,no
가방,/app/product/detail/954506/0,no
가방,/app/product/detail/954499/0,no
가방,/app/product/detail/954495/0,no
가방,/app/product/detail/936716/0,no
가방,/app/product/detail/927806/0,no
가방,/app/product/detail/837077/0,no
가방,/app/product/detail/829276/0,no
가방,/app/product/detail/819181/0,no
가방,/app/product/detail/802770/0,no
가방,/app/product/detail/778572/0,no
가방,/app/product/detail/74718/0,no
가방,/app/product/detail/74717/0,no
가방,/app/product/detail/744273/0,no
가방,/app/product/detail/739591/0,no
가방,/app/product/detail/735590/0,no
가방,/app/product/detail/70869/0,no
가방,/app/product/detail/695545/0,no
가방,/app/product/detail/69071/0,no
가방,/app/product/detail/683904/0,no
가방,/app/product/detail/64861/0,no
가방,/app/product/detail/646266/0,no
가방,/app/product/detail/646257/0,no
가방,/app/product/detail/583884/0,no
가방,/app/product/detail/583882/0,no
가방,/app/product/detail/558520/0,no
가방,/app/product/detail/533341/0,no
가방,/app/product/detail/450938/0,no
가방,/app/product/detail/450937/0,no
가방,/app/product/detail/443039/0,no
가방,/app/product/detail/443035/0,no
가방,/app/product/detail/443033/0,no
가방,/app/product/detail/35866/0,no
가방,/app/product/detail/35865/0,no
가방,/app/product/detail/330036/0,no
가방,/app/product/detail/330034/0,no
가방,/app/product/detail/239002/0,no
가방,/app/product/detail/239001/0,no
가방,/app/product/detail/219887/0,no
가방,/app/product/detail/164700/0,no
가방,/app/product/detail/112380/0,no
가방,/app/product/detail/79213/0,no
가방,/app/product/detail/79211/0,no
가방,/app/product/detail/223103/0,no
가방,/app/product/detail/223102/0,no
가방,/app/product/detail/252059/0,no
가방,/app/product/detail/787799/0,no
가방,/app/product/detail/787798/0,no
가방,/app/product/detail/752589/0,no
가방,/app/product/detail/752587/0,no
가방,/app/product/detail/752586/0,no
가방,/app/product/detail/752585/0,no
청바지,/app/product/detail/502391/0,no
청바지,/app/product/detail/502128/0,no
청바지,/app/product/detail/812027/0,yes
청바지,/app/product/detail/771403/0,no
청바지,/app/product/detail/711085/0,no
청바지,/app/product/detail/544690/0,no
청바지,/app/product/detail/337722/0,no
청바지,/app/product/detail/656400/0,no
청바지,/app/product/detail/656396/0,no
청바지,/app/product/detail/656397/0,no
청바지,/app/product/detail/501872/0,no
청바지,/app/product/detail/779217/0,no
청바지,/app/product/detail/656380/0,no
청바지,/app/product/detail/502251/0,no
청바지,/app/product/detail/656394/0,no
청바지,/app/product/detail/656393/0,no
청바지,/app/product/detail/656383/0,no
청바지,/app/product/detail/656382/0,no
청바지,/app/product/detail/656390/0,no
청바지,/app/product/detail/656389/0,no
청바지,/app/product/detail/562551/0,no
청바지,/app/product/detail/562548/0,no
청바지,/app/product/detail/656408/0,no
청바지,/app/product/detail/656381/0,no
청바지,/app/product/detail/502397/0,no
청바지,/app/product/detail/656406/0,no
청바지,/app/product/detail/656403/0,no
청바지,/app/product/detail/502253/0,no
청바지,/app/product/detail/502232/0,no
청바지,/app/product/detail/502383/0,no
청바지,/app/product/detail/502380/0,no
청바지,/app/product/detail/501870/0,no
청바지,/app/product/detail/502199/0,no
청바지,/app/product/detail/818934/0,no
청바지,/app/product/detail/656391/0,no
청바지,/app/product/detail/656387/0,no
청바지,/app/product/detail/502305/0,no
청바지,/app/product/detail/502171/0,no
청바지,/app/product/detail/502160/0,no
청바지,/app/product/detail/818433/0,no
청바지,/app/product/detail/502148/0,no
청바지,/app/product/detail/855478/0,no
청바지,/app/product/detail/855477/0,no
청바지,/app/product/detail/855475/0,no
청바지,/app/product/detail/855474/0,no
청바지,/app/product/detail/855473/0,no
청바지,/app/product/detail/855472/0,no
청바지,/app/product/detail/834895/0,no
청바지,/app/product/detail/810811/0,no
청바지,/app/product/detail/749288/0,no
청바지,/app/product/detail/749287/0,no
청바지,/app/product/detail/718052/0,no
청바지,/app/product/detail/194213/0,no
청바지,/app/product/detail/695880/0,no
청바지,/app/product/detail/672455/0,no
청바지,/app/product/detail/672454/0,no
청바지,/app/product/detail/672452/0,no
청바지,/app/product/detail/664375/0,no
청바지,/app/product/detail/621705/0,no
청바지,/app/product/detail/256230/0,no
청바지,/app/product/detail/818336/0,no
청바지,/app/product/detail/809730/0,no
청바지,/app/product/detail/878180/0,no
청바지,/app/product/detail/855476/0,no
청바지,/app/product/detail/767709/0,no
청바지,/app/product/detail/280549/0,no
청바지,/app/product/detail/878020/0,no
청바지,/app/product/detail/876292/0,no
청바지,/app/product/detail/876290/0,no
청바지,/app/product/detail/876289/0,no
청바지,/app/product/detail/834890/0,no
청바지,/app/product/detail/834889/0,no
청바지,/app/product/detail/819157/0,no
청바지,/app/product/detail/819089/0,no
청바지,/app/product/detail/502395/0,no
청바지,/app/product/detail/754704/0,no
청바지,/app/product/detail/878158/0,no
청바지,/app/product/detail/656401/0,no
청바지,/app/product/detail/878172/0,no
청바지,/app/product/detail/821770/0,no
청바지,/app/product/detail/819124/0,no
청바지,/app/product/detail/818885/0,no
청바지,/app/product/detail/818173/0,no
청바지,/app/product/detail/931701/0,no
청바지,/app/product/detail/931700/0,no
청바지,/app/product/detail/890462/0,no
청바지,/app/product/detail/890461/0,no
청바지,/app/product/detail/878002/0,no
청바지,/app/product/detail/819885/0,no
청바지,/app/product/detail/656402/0,no
청바지,/app/product/detail/487325/0,no
청바지,/app/product/detail/767745/0,no
청바지,/app/product/detail/744646/0,no
청바지,/app/product/detail/588297/0,no
청바지,/app/product/detail/560425/0,no
청바지,/app/product/detail/493942/0,no
청바지,/app/product/detail/880694/0,no
청바지,/app/product/detail/880653/0,no
청바지,/app/product/detail/878251/0,no
청바지,/app/product/detail/878214/0,no
청바지,/app/product/detail/878032/0,no
청바지,/app/product/detail/877932/0,no
청바지,/app/product/detail/752485/0,no
청바지,/app/product/detail/876295/0,no
청바지,/app/product/detail/876294/0,no
청바지,/app/product/detail/810817/0,no
청바지,/app/product/detail/810816/0,no
청바지,/app/product/detail/810813/0,no
청바지,/app/product/detail/810812/0,no
청바지,/app/product/detail/878398/0,no
청바지,/app/product/detail/877970/0,no
청바지,/app/product/detail/819172/0,no
청바지,/app/product/detail/844064/0,no
청바지,/app/product/detail/648071/0,no
청바지,/app/product/detail/648070/0,no
청바지,/app/product/detail/64040/0,no
청바지,/app/product/detail/365139/0,no
청바지,/app/product/detail/342890/0,no
청바지,/app/product/detail/342882/0,no
청바지,/app/product/detail/342859/0,no
청바지,/app/product/detail/342845/0,no
청바지,/app/product/detail/342827/0,no
청바지,/app/product/detail/342454/0,no
청바지,/app/product/detail/297046/0,no
청바지,/app/product/detail/297039/0,no
청바지,/app/product/detail/297037/0,no
청바지,/app/product/detail/297031/0,no
청바지,/app/product/detail/297029/0,no
청바지,/app/product/detail/297027/0,no
청바지,/app/product/detail/297025/0,no
청바지,/app/product/detail/297022/0,no
청바지,/app/product/detail/485873/0,no
청바지,/app/product/detail/880732/0,no
청바지,/app/product/detail/752483/0,no
청바지,/app/product/detail/437515/0,no
청바지,/app/product/detail/752479/0,no
청바지,/app/product/detail/201388/0,no
청바지,/app/product/detail/877754/0,no
청바지,/app/product/detail/752461/0,no
청바지,/app/product/detail/962044/0,no
청바지,/app/product/detail/944712/0,no
청바지,/app/product/detail/897178/0,no
청바지,/app/product/detail/897177/0,no
청바지,/app/product/detail/767433/0,no
청바지,/app/product/detail/891155/0,no
청바지,/app/product/detail/936767/0,no
청바지,/app/product/detail/936766/0,no
청바지,/app/product/detail/746960/0,no
청바지,/app/product/detail/746959/0,no
청바지,/app/product/detail/746958/0,no
청바지,/app/product/detail/746957/0,no
청바지,/app/product/detail/746956/0,no
청바지,/app/product/detail/746955/0,no
청바지,/app/product/detail/746954/0,no
청바지,/app/product/detail/891163/0,no
청바지,/app/product/detail/891162/0,no
청바지,/app/product/detail/891161/0,no
청바지,/app/product/detail/409841/0,no
청바지,/app/product/detail/729108/0,no
청바지,/app/product/detail/730875/0,no
청바지,/app/product/detail/730773/0,no
청바지,/app/product/detail/730705/0,no
청바지,/app/product/detail/321114/0,no
청바지,/app/product/detail/168430/0,no
청바지,/app/product/detail/985389/0,no
청바지,/app/product/detail/985385/0,no
청바지,/app/product/detail/985384/0,no
청바지,/app/product/detail/985383/0,no
청바지,/app/product/detail/928031/0,no
청바지,/app/product/detail/903343/0,no
청바지,/app/product/detail/903342/0,no
청바지,/app/product/detail/903341/0,no
청바지,/app/product/detail/903340/0,no
청바지,/app/product/detail/760623/0,no
청바지,/app/product/detail/493947/0,no
청바지,/app/product/detail/493944/0,no
청바지,/app/product/detail/484266/0,no
청바지,/app/product/detail/468752/0,no
청바지,/app/product/detail/260863/0,no
청바지,/app/product/detail/157657/0,no
청바지,/app/product/detail/810808/0,no
청바지,/app/product/detail/752440/0,no
청바지,/app/product/detail/548637/0,no
청바지,/app/product/detail/182845/0,no
청바지,/app/product/detail/887406/0,no
청바지,/app/product/detail/840643/0,no
청바지,/app/product/detail/726451/0,no
청바지,/app/product/detail/690329/0,no
청바지,/app/product/detail/690158/0,no
청바지,/app/product/detail/825579/0,no
청바지,/app/product/detail/784913/0,no
청바지,/app/product/detail/783079/0,no
청바지,/app/product/detail/783078/0,no
청바지,/app/product/detail/296642/0,no
청바지,/app/product/detail/802415/0,no
청바지,/app/product/detail/800180/0,no
청바지,/app/product/detail/718055/0,no
청바지,/app/product/detail/718054/0,no
청바지,/app/product/detail/909537/0,no
청바지,/app/product/detail/895178/0,no
청바지,/app/product/detail/895177/0,no
청바지,/app/product/detail/574549/0,no
청바지,/app/product/detail/745939/0,no
청바지,/app/product/detail/886003/0,no
청바지,/app/product/detail/886002/0,no
청바지,/app/product/detail/886001/0,no
청바지,/app/product/detail/750323/0,no
청바지,/app/product/detail/489608/0,no
청바지,/app/product/detail/695732/0,no
청바지,/app/product/detail/498020/0,no
청바지,/app/product/detail/978456/0,no
청바지,/app/product/detail/978455/0,no
청바지,/app/product/detail/978454/0,no
청바지,/app/product/detail/977234/0,no
청바지,/app/product/detail/977232/0,no
청바지,/app/product/detail/977230/0,no
청바지,/app/product/detail/977229/0,no
청바지,/app/product/detail/977228/0,no
청바지,/app/product/detail/957430/0,no
청바지,/app/product/detail/945197/0,no
청바지,/app/product/detail/945186/0,no
청바지,/app/product/detail/885823/0,no
청바지,/app/product/detail/879253/0,no
청바지,/app/product/detail/866551/0,no
청바지,/app/product/detail/962015/0,no
청바지,/app/product/detail/935835/0,no
청바지,/app/product/detail/935484/0,no
청바지,/app/product/detail/182886/0,no
청바지,/app/product/detail/182885/0,no
청바지,/app/product/detail/182882/0,no
청바지,/app/product/detail/726455/0,no
청바지,/app/product/detail/820967/0,no
청바지,/app/product/detail/627027/0,no
청바지,/app/product/detail/321145/0,no
청바지,/app/product/detail/337781/0,no
청바지,/app/product/detail/337724/0,no
청바지,/app/product/detail/943303/0,no
청바지,/app/product/detail/897170/0,no
청바지,/app/product/detail/896929/0,no
치노팬츠,/app/product/detail/721226/0,yes
치노팬츠,/app/product/detail/841184/0,yes
치노팬츠,/app/product/detail/291720/0,yes
치노팬츠,/app/product/detail/535180/0,yes
치노팬츠,/app/product/detail/185388/0,yes
치노팬츠,/app/product/detail/876320/0,yes
치노팬츠,/app/product/detail/876318/0,yes
치노팬츠,/app/product/detail/933405/0,yes
치노팬츠,/app/product/detail/861884/0,yes
치노팬츠,/app/product/detail/861883/0,yes
치노팬츠,/app/product/detail/861881/0,yes
치노팬츠,/app/product/detail/627003/0,yes
치노팬츠,/app/product/detail/1009471/0,yes
치노팬츠,/app/product/detail/1009469/0,yes
치노팬츠,/app/product/detail/1009468/0,yes
치노팬츠,/app/product/detail/1009467/0,yes
치노팬츠,/app/product/detail/1009466/0,yes
치노팬츠,/app/product/detail/104414/0,yes
치노팬츠,/app/product/detail/903959/0,yes
치노팬츠,/app/product/detail/775772/0,yes
치노팬츠,/app/product/detail/775771/0,yes
치노팬츠,/app/product/detail/972707/0,yes
치노팬츠,/app/product/detail/972706/0,yes
치노팬츠,/app/product/detail/972705/0,yes
치노팬츠,/app/product/detail/972704/0,yes
치노팬츠,/app/product/detail/950814/0,yes
치노팬츠,/app/product/detail/950813/0,yes
치노팬츠,/app/product/detail/950812/0,yes
치노팬츠,/app/product/detail/950811/0,yes
치노팬츠,/app/product/detail/743458/0,no
치노팬츠,/app/product/detail/376344/0,no
치노팬츠,/app/product/detail/721231/0,no
치노팬츠,/app/product/detail/701518/0,no
치노팬츠,/app/product/detail/291790/0,no
치노팬츠,/app/product/detail/252633/0,no
치노팬츠,/app/product/detail/777794/0,no
치노팬츠,/app/product/detail/777793/0,no
치노팬츠,/app/product/detail/777792/0,no
치노팬츠,/app/product/detail/950810/0,no
치노팬츠,/app/product/detail/950756/0,no
치노팬츠,/app/product/detail/743460/0,no
치노팬츠,/app/product/detail/743459/0,no
치노팬츠,/app/product/detail/743457/0,no
치노팬츠,/app/product/detail/743456/0,no
치노팬츠,/app/product/detail/734596/0,no
치노팬츠,/app/product/detail/1008941/0,no
치노팬츠,/app/product/detail/950056/0,no
치노팬츠,/app/product/detail/950054/0,no
치노팬츠,/app/product/detail/950053/0,no
치노팬츠,/app/product/detail/950052/0,no
치노팬츠,/app/product/detail/950051/0,no
치노팬츠,/app/product/detail/648479/0,no
치노팬츠,/app/product/detail/350554/0,no
치노팬츠,/app/product/detail/350547/0,no
치노팬츠,/app/product/detail/348307/0,no
치노팬츠,/app/product/detail/348297/0,no
치노팬츠,/app/product/detail/840828/0,no
치노팬츠,/app/product/detail/840827/0,no
치노팬츠,/app/product/detail/273249/0,no
치노팬츠,/app/product/detail/320715/0,no
치노팬츠,/app/product/detail/877695/0,no
치노팬츠,/app/product/detail/877694/0,no
치노팬츠,/app/product/detail/877693/0,no
치노팬츠,/app/product/detail/762040/0,no
치노팬츠,/app/product/detail/761239/0,no
치노팬츠,/app/product/detail/972709/0,no
치노팬츠,/app/product/detail/972708/0,no
치노팬츠,/app/product/detail/992180/0,no
치노팬츠,/app/product/detail/992179/0,no
치노팬츠,/app/product/detail/456710/0,no
치노팬츠,/app/product/detail/986034/0,no
치노팬츠,/app/product/detail/986033/0,no
치노팬츠,/app/product/detail/781678/0,no
치노팬츠,/app/product/detail/781677/0,no
치노팬츠,/app/product/detail/31904/0,no
치노팬츠,/app/product/detail/947476/0,no
치노팬츠,/app/product/detail/934759/0,no
치노팬츠,/app/product/detail/964206/0,no
치노팬츠,/app/product/detail/964204/0,no
치노팬츠,/app/product/detail/964203/0,no
치노팬츠,/app/product/detail/964202/0,no
치노팬츠,/app/product/detail/964200/0,no
치노팬츠,/app/product/detail/952437/0,no
치노팬츠,/app/product/detail/952436/0,no
치노팬츠,/app/product/detail/952434/0,no
치노팬츠,/app/product/detail/999403/0,no
치노팬츠,/app/product/detail/999402/0,no
치노팬츠,/app/product/detail/999398/0,no
치노팬츠,/app/product/detail/982352/0,no
치노팬츠,/app/product/detail/982351/0,no
치노팬츠,/app/product/detail/982350/0,no
치노팬츠,/app/product/detail/982349/0,no
치노팬츠,/app/product/detail/836227/0,no
치노팬츠,/app/product/detail/836226/0,no
치노팬츠,/app/product/detail/836225/0,no
치노팬츠,/app/product/detail/836224/0,no
치노팬츠,/app/product/detail/836223/0,no
치노팬츠,/app/product/detail/698059/0,no
치노팬츠,/app/product/detail/698050/0,no
치노팬츠,/app/product/detail/216035/0,no
치노팬츠,/app/product/detail/216034/0,no
치노팬츠,/app/product/detail/216033/0,no
치노팬츠,/app/product/detail/216032/0,no
치노팬츠,/app/product/detail/216031/0,no
치노팬츠,/app/product/detail/321054/0,no
치노팬츠,/app/product/detail/890733/0,no
치노팬츠,/app/product/detail/890723/0,no
치노팬츠,/app/product/detail/983451/0,no
치노팬츠,/app/product/detail/983450/0,no
치노팬츠,/app/product/detail/649992/0,no
치노팬츠,/app/product/detail/649990/0,no
치노팬츠,/app/product/detail/219425/0,no
치노팬츠,/app/product/detail/534218/0,no
치노팬츠,/app/product/detail/416922/0,no
치노팬츠,/app/product/detail/746075/0,no
치노팬츠,/app/product/detail/443713/0,no
치노팬츠,/app/product/detail/993588/0,no
치노팬츠,/app/product/detail/972384/0,no
치노팬츠,/app/product/detail/972383/0,no
치노팬츠,/app/product/detail/972382/0,no
치노팬츠,/app/product/detail/972380/0,no
치노팬츠,/app/product/detail/972379/0,no
치노팬츠,/app/product/detail/929308/0,no
치노팬츠,/app/product/detail/929307/0,no
치노팬츠,/app/product/detail/929306/0,no
치노팬츠,/app/product/detail/929305/0,no
치노팬츠,/app/product/detail/929304/0,no
치노팬츠,/app/product/detail/828686/0,no
치노팬츠,/app/product/detail/822927/0,no
치노팬츠,/app/product/detail/777361/0,no
치노팬츠,/app/product/detail/766189/0,no
치노팬츠,/app/product/detail/766188/0,no
치노팬츠,/app/product/detail/995087/0,no
치노팬츠,/app/product/detail/995086/0,no
치노팬츠,/app/product/detail/995085/0,no
치노팬츠,/app/product/detail/954843/0,no
치노팬츠,/app/product/detail/954842/0,no
치노팬츠,/app/product/detail/954841/0,no
치노팬츠,/app/product/detail/954840/0,no
치노팬츠,/app/product/detail/738388/0,no
치노팬츠,/app/product/detail/804190/0,no
치노팬츠,/app/product/detail/804184/0,no
치노팬츠,/app/product/detail/721213/0,no
치노팬츠,/app/product/detail/721212/0,no
치노팬츠,/app/product/detail/366250/0,no
치노팬츠,/app/product/detail/346789/0,no
치노팬츠,/app/product/detail/346788/0,no
치노팬츠,/app/product/detail/843435/0,no
치노팬츠,/app/product/detail/843434/0,no
치노팬츠,/app/product/detail/732477/0,no
치노팬츠,/app/product/detail/332230/0,no
치노팬츠,/app/product/detail/332229/0,no
치노팬츠,/app/product/detail/920154/0,no
치노팬츠,/app/product/detail/948497/0,no
치노팬츠,/app/product/detail/948495/0,no
치노팬츠,/app/product/detail/973748/0,no
치노팬츠,/app/product/detail/973746/0,no
치노팬츠,/app/product/detail/973745/0,no
치노팬츠,/app/product/detail/973744/0,no
치노팬츠,/app/product/detail/937718/0,no
치노팬츠,/app/product/detail/837950/0,no
치노팬츠,/app/product/detail/727059/0,no
치노팬츠,/app/product/detail/727057/0,no
치노팬츠,/app/product/detail/727056/0,no
치노팬츠,/app/product/detail/1002400/0,no
치노팬츠,/app/product/detail/966500/0,no
치노팬츠,/app/product/detail/966499/0,no
치노팬츠,/app/product/detail/966498/0,no
치노팬츠,/app/product/detail/966497/0,no
치노팬츠,/app/product/detail/857262/0,no
치노팬츠,/app/product/detail/857260/0,no
치노팬츠,/app/product/detail/857259/0,no
치노팬츠,/app/product/detail/857141/0,no
치노팬츠,/app/product/detail/943024/0,no
치노팬츠,/app/product/detail/943010/0,no
치노팬츠,/app/product/detail/943008/0,no
치노팬츠,/app/product/detail/943002/0,no
치노팬츠,/app/product/detail/942988/0,no
치노팬츠,/app/product/detail/942964/0,no
치노팬츠,/app/product/detail/946971/0,no
치노팬츠,/app/product/detail/946944/0,no
치노팬츠,/app/product/detail/397032/0,no
치노팬츠,/app/product/detail/397029/0,no
치노팬츠,/app/product/detail/397028/0,no
치노팬츠,/app/product/detail/397026/0,no
치노팬츠,/app/product/detail/953810/0,no
치노팬츠,/app/product/detail/953809/0,no
치노팬츠,/app/product/detail/900776/0,no
치노팬츠,/app/product/detail/900774/0,no
치노팬츠,/app/product/detail/995090/0,no
치노팬츠,/app/product/detail/995089/0,no
치노팬츠,/app/product/detail/995088/0,no
치노팬츠,/app/product/detail/672262/0,no
치노팬츠,/app/product/detail/672253/0,no
치노팬츠,/app/product/detail/862498/0,no
치노팬츠,/app/product/detail/862497/0,no
치노팬츠,/app/product/detail/947871/0,no
치노팬츠,/app/product/detail/947866/0,no
치노팬츠,/app/product/detail/947865/0,no
치노팬츠,/app/product/detail/947864/0,no
치노팬츠,/app/product/detail/678303/0,no
치노팬츠,/app/product/detail/678302/0,no
치노팬츠,/app/product/detail/990347/0,no
치노팬츠,/app/product/detail/990340/0,no
치노팬츠,/app/product/detail/990335/0,no
치노팬츠,/app/product/detail/990333/0,no
치노팬츠,/app/product/detail/990332/0,no
치노팬츠,/app/product/detail/990330/0,no
치노팬츠,/app/product/detail/990327/0,no
치노팬츠,/app/product/detail/990325/0,no
치노팬츠,/app/product/detail/990320/0,no
치노팬츠,/app/product/detail/990315/0,no
치노팬츠,/app/product/detail/990162/0,no
치노팬츠,/app/product/detail/990161/0,no
치노팬츠,/app/product/detail/990142/0,no
치노팬츠,/app/product/detail/904599/0,no
치노팬츠,/app/product/detail/824853/0,no
치노팬츠,/app/product/detail/824852/0,no
치노팬츠,/app/product/detail/709398/0,no
치노팬츠,/app/product/detail/544027/0,no
치노팬츠,/app/product/detail/533271/0,no
치노팬츠,/app/product/detail/102765/0,no
치노팬츠,/app/product/detail/102764/0,no
치노팬츠,/app/product/detail/102763/0,no
치노팬츠,/app/product/detail/836554/0,no
치노팬츠,/app/product/detail/836553/0,no
치노팬츠,/app/product/detail/836548/0,no
치노팬츠,/app/product/detail/942820/0,no
치노팬츠,/app/product/detail/942815/0,no
치노팬츠,/app/product/detail/942812/0,no
치노팬츠,/app/product/detail/992671/0,no
치노팬츠,/app/product/detail/976456/0,no
치노팬츠,/app/product/detail/942977/0,no
치노팬츠,/app/product/detail/942971/0,no
치노팬츠,/app/product/detail/942931/0,no
치노팬츠,/app/product/detail/902101/0,no
치노팬츠,/app/product/detail/879458/0,no
치노팬츠,/app/product/detail/879457/0,no
치노팬츠,/app/product/detail/862532/0,no
치노팬츠,/app/product/detail/843433/0,no
